Address,Price,Rooms,Size,Floor
"Piso en Gran Via de les Corts Catalanes, El Clot, Barcelona",290.000€,3 hab.,88 m²,Planta 6ª interior con ascensor
"Piso en calle de Biscaia, El Clot, Barcelona",379.800€,4 hab.,94 m²,Planta 2ª exterior con ascensor
"Piso en El Clot, Barcelona",365.000€,3 hab.,90 m²,Planta 1ª exterior con ascensor
"Piso en calle d'Aragó, El Clot, Barcelona",375.000€,3 hab.,75 m², exterior con ascensor
"Piso en El Clot, Barcelona",439.350€,3 hab.,90 m²,Planta 2ª exterior con ascensor
"Piso en Passatge de Vintró, El Clot, Barcelona",180.000€,1 hab.,43 m²,Bajo interior sin ascensor
"Piso en Gran Via de les Corts Catalanes, El Clot, Barcelona",349.000€,4 hab.,119 m²,Entreplanta exterior con ascensor
"Piso en El Clot, Barcelona",450.000€,4 hab.,106 m²,Planta 6ª interior con ascensor
"Piso en El Clot, Barcelona",398.000€,4 hab.,91 m²,Planta 6ª exterior con ascensor
"Piso en avenida Meridiana, El Clot, Barcelona",240.000€,4 hab.,86 m²,Planta 4ª exterior con ascensor
"Piso en calle de Biscaia, El Clot, Barcelona",379.800€,4 hab.,92 m²,Planta 1ª exterior con ascensor
"Piso en calle d'Aragó, El Clot, Barcelona",375.000€,3 hab.,85 m²,Planta 2ª exterior con ascensor
"Piso en El Clot, Barcelona",398.000€,4 hab.,91 m²,Planta 6ª exterior con ascensor
"Piso en Gran Via de les Corts Catalanes, El Clot, Barcelona",255.000€,3 hab.,73 m²,Planta 9ª exterior con ascensor
"Piso en calle d'Andrade, El Clot, Barcelona",365.000€,3 hab.,90 m²,Planta 1ª exterior con ascensor
"Piso en calle d'Espronceda, El Clot, Barcelona",450.000€,4 hab.,106 m²,Planta 6ª interior con ascensor
"Piso en Gran Via de les Corts Catalanes, El Clot, Barcelona",349.000€,4 hab.,119 m²,Entreplanta exterior con ascensor
"Piso en calle de Valencia, El Clot, Barcelona",205.000€,2 hab.,68 m²,Planta 2ª exterior sin ascensor
"Piso en calle de Lope de Vega, El Clot, Barcelona",398.000€,4 hab.,91 m²,Planta 6ª interior con ascensor
"Piso en El Clot, Barcelona",365.000€,3 hab.,90 m²,Planta 1ª exterior con ascensor
"Piso en Gran Via de les Corts Catalanes, El Clot, Barcelona",349.000€,4 hab.,119 m²,Entreplanta con ascensor
"Piso en El Clot, Barcelona",222.000€,1 hab.,70 m²,Bajo exterior con ascensor
"Piso en plaza Mercat, El Clot, Barcelona",225.000€,2 hab.,60 m²,Planta 2ª exterior sin ascensor
"Piso en plaza del Mercat, El Clot, Barcelona",660.000€,4 hab.,156 m²,Planta 3ª exterior con ascensor
"Piso en calle d'Aragó, El Clot, Barcelona",375.000€,3 hab.,85 m²,Planta 2ª exterior con ascensor
"Piso en El Clot, Barcelona",450.000€,4 hab.,106 m²,Planta 6ª exterior con ascensor
"Piso en Meridiana, 92, El Clot, Barcelona",530.000€,4 hab.,158 m²,Planta 3ª exterior con ascensor
"Piso en calle del Clot, 88, El Clot, Barcelona",509.000€,3 hab.,103 m²,Planta 1ª exterior sin ascensor
"Piso en calle d'Hernán Cortés, El Clot, Barcelona",199.000€,3 hab.,55 m²,Planta 1ª exterior sin ascensor
"Piso en calle de Biscaia, El Clot, Barcelona",379.800€,4 hab.,90 m²,Planta 1ª exterior con ascensor
